Agency_Name,Project_isDelayed
Department of Defense,0
Department of Agriculture,0
Department of Agriculture,0
Department of Agriculture,306
Department of Agriculture,0
Department of Agriculture,213
Department of Agriculture,0
Department of Agriculture,0
Department of Agriculture,0
Department of Agriculture,0
Department of Agriculture,0
Department of Agriculture,0
Department of Agriculture,0
Department of Agriculture,0
Department of Agriculture,0
Department of Agriculture,0
Department of Agriculture,0
Department of Agriculture,0
Department of Agriculture,0
Department of Agriculture,0
Department of Agriculture,0
Department of Agriculture,0
Department of Agriculture,154
Department of Agriculture,0
Department of Agriculture,0
Department of Agriculture,81
Department of Agriculture,0
Department of Agriculture,0
Department of Agriculture,0
Department of Agriculture,0
Department of Agriculture,0
Department of Agriculture,0
Department of Agriculture,0
Department of Agriculture,0
Department of Agriculture,52
Department of Agriculture,139
Department of Agriculture,0
Department of Agriculture,0
Department of Agriculture,0
Department of Agriculture,0
Department of Agriculture,0
Department of Agriculture,0
Department of Agriculture,0
Department of Agriculture,0
Department of Agriculture,0
Department of Agriculture,0
Department of Agriculture,0
Department of Agriculture,0
Department of Agriculture,60
Department of Agriculture,0
Department of Agriculture,0
Department of Agriculture,0
Department of Agriculture,0
Department of Agriculture,0
Department of Agriculture,0
Department of Agriculture,15
Department of Agriculture,0
Department of Agriculture,0
Department of Agriculture,0
Department of Agriculture,0
Department of Agriculture,0
Department of Agriculture,-10
Department of Agriculture,0
Department of Agriculture,0
Department of Agriculture,0
Department of Agriculture,-1
Department of Agriculture,82
Department of Agriculture,
Department of Agriculture,
Department of Agriculture,
Department of Agriculture,
Department of Agriculture,
Department of Agriculture,
Department of Agriculture,
Department of Agriculture,
Department of Agriculture,
Department of Agriculture,
Department of Agriculture,
Department of Agriculture,
Department of Agriculture,
Department of Agriculture,
Department of Agriculture,
Department of Agriculture,
Department of Agriculture,
Department of Agriculture,
Department of Agriculture,
Department of Agriculture,
Department of Agriculture,
Department of Agriculture,
Department of Agriculture,
Department of Agriculture,
Department of Agriculture,
Department of Agriculture,
Department of Agriculture,
Department of Agriculture,
Department of Agriculture,
Department of Agriculture,
Department of Agriculture,
Department of Agriculture,
Department of Agriculture,
Department of Agriculture,
Department of Agriculture,
Department of Agriculture,
Department of Agriculture,
Department of Agriculture,
Department of Agriculture,
Department of Agriculture,
Department of Agriculture,
Department of Agriculture,
Department of Agriculture,
Department of Agriculture,
Department of Agriculture,
Department of Agriculture,
Department of Agriculture,
Department of Agriculture,
Department of Agriculture,
Department of Agriculture,
Department of Agriculture,
Department of Agriculture,
Department of Agriculture,
Department of Agriculture,
Department of Agriculture,
Department of Agriculture,
Department of Agriculture,
Department of Agriculture,
Department of Agriculture,
Department of Agriculture,
Department of Agriculture,
Department of Agriculture,
Department of Agriculture,
Department of Agriculture,
Department of Agriculture,
Department of Agriculture,
Department of Agriculture,
Department of Agriculture,
Department of Agriculture,
Department of Agriculture,
Department of Agriculture,
Department of Agriculture,
Department of Agriculture,
Department of Agriculture,
Department of Agriculture,
Department of Agriculture,
Department of Agriculture,
Department of Agriculture,
Department of Agriculture,
Department of Agriculture,
Department of Agriculture,
Department of Agriculture,
Department of Agriculture,
Department of Agriculture,
Department of Agriculture,
Department of Agriculture,
Department of Agriculture,
Department of Agriculture,
Department of Agriculture,
Department of Agriculture,
Department of Agriculture,
Department of Agriculture,
Department of Agriculture,
Department of Agriculture,
Department of Agriculture,
Department of Agriculture,
Department of Agriculture,
Department of Agriculture,
Department of Agriculture,
Department of Agriculture,
Department of Agriculture,
Department of Agriculture,
Department of Agriculture,
Department of Agriculture,
Department of Agriculture,
Department of Agriculture,
Department of Commerce,0
Department of Commerce,557
Department of Commerce,92
Department of Commerce,122
Department of Commerce,122
Department of Commerce,0
Department of Commerce,0
Department of Commerce,149
Department of Commerce,0
Department of Commerce,0
Department of Commerce,30
Department of Commerce,89
Department of Commerce,0
Department of Commerce,0
Department of Commerce,0
Department of Commerce,0
Department of Commerce,0
Department of Commerce,143
Department of Commerce,0
Department of Commerce,346
Department of Commerce,98
Department of Commerce,1
Department of Commerce,7
Department of Commerce,0
Department of Commerce,75
Department of Commerce,0
Department of Commerce,0
Department of Commerce,0
Department of Commerce,0
Department of Commerce,0
Department of Commerce,5
Department of Commerce,309
Department of Commerce,219
Department of Commerce,19
Department of Commerce,-5
Department of Commerce,56
Department of Commerce,-42
Department of Commerce,17
Department of Commerce,47
Department of Commerce,29
Department of Commerce,4
Department of Commerce,0
Department of Commerce,0
Department of Commerce,0
Department of Commerce,0
Department of Commerce,0
Department of Commerce,184
Department of Commerce,0
Department of Commerce,0
Department of Commerce,0
Department of Commerce,0
Department of Commerce,0
Department of Commerce,0
Department of Commerce,0
Department of Commerce,0
Department of Commerce,0
Department of Commerce,0
Department of Commerce,0
Department of Commerce,0
Department of Commerce,0
Department of Commerce,0
Department of Commerce,86
Department of Commerce,0
Department of Commerce,0
Department of Commerce,0
Department of Commerce,0
Department of Commerce,0
Department of Commerce,0
Department of Commerce,0
Department of Commerce,0
Department of Commerce,0
Department of Commerce,0
Department of Commerce,0
Department of Commerce,0
Department of Commerce,0
Department of Commerce,0
Department of Commerce,0
Department of Commerce,0
Department of Commerce,0
Department of Commerce,0
Department of Commerce,0
Department of Commerce,181
Department of Commerce,0
Department of Commerce,91
Department of Commerce,0
Department of Commerce,0
Department of Commerce,1
Department of Commerce,0
Department of Commerce,0
Department of Commerce,0
Department of Commerce,0
Department of Commerce,-74
Department of Commerce,0
Department of Commerce,70
Department of Commerce,167
Department of Commerce,190
Department of Commerce,-22
Department of Commerce,158
Department of Commerce,32
Department of Commerce,-28
Department of Commerce,147
Department of Commerce,92
Department of Commerce,-28
Department of Commerce,149
Department of Commerce,4
Department of Commerce,0
Department of Commerce,342
Department of Commerce,12
Department of Commerce,91
Department of Commerce,90
Department of Commerce,112
Department of Commerce,0
Department of Commerce,39
Department of Commerce,0
Department of Commerce,74
Department of Commerce,0
Department of Commerce,78
Department of Commerce,252
Department of Commerce,0
Department of Commerce,0
Department of Commerce,0
Department of Commerce,0
Department of Commerce,89
Department of Commerce,30
Department of Commerce,0
Department of Commerce,61
Department of Commerce,0
Department of Commerce,118
Department of Commerce,0
Department of Commerce,126
Department of Commerce,0
Department of Commerce,184
Department of Commerce,0
Department of Commerce,14
Department of Commerce,0
Department of Commerce,0
Department of Commerce,0
Department of Commerce,8
Department of Commerce,-12
Department of Commerce,-22
Department of Commerce,6
Department of Commerce,0
Department of Commerce,3
Department of Commerce,0
Department of Commerce,0
Department of Commerce,70
Department of Commerce,24
Department of Commerce,-35
Department of Commerce,31
Department of Commerce,0
Department of Commerce,54
Department of Commerce,-1
Department of Commerce,26
Department of Commerce,0
Department of Commerce,301
Department of Commerce,0
Department of Commerce,0
Department of Commerce,0
Department of Commerce,0
Department of Commerce,0
Department of Commerce,-98
Department of Commerce,51
Department of Commerce,70
Department of Commerce,0
Department of Commerce,14
Department of Commerce,0
Department of Commerce,0
Department of Commerce,10
Department of Commerce,-114
Department of Commerce,0
Department of Commerce,15
Department of Commerce,0
Department of Commerce,-1
Department of Commerce,-151
Department of Commerce,0
Department of Commerce,0
Department of Commerce,172
Department of Commerce,0
Department of Commerce,0
Department of Commerce,0
Department of Commerce,0
Department of Commerce,0
Department of Commerce,5
Department of Commerce,0
Department of Commerce,0
Department of Commerce,0
Department of Commerce,0
Department of Commerce,7
Department of Commerce,-7
Department of Commerce,10
Department of Commerce,22
Department of Commerce,
Department of Commerce,
Department of Commerce,
Department of Commerce,
Department of Commerce,
Department of Commerce,
Department of Commerce,
Department of Commerce,
Department of Commerce,
Department of Commerce,
Department of Commerce,
Department of Commerce,
Department of Commerce,
Department of Commerce,
Department of Commerce,
Department of Commerce,
Department of Commerce,
Department of Commerce,
Department of Commerce,
Department of Commerce,
Department of Commerce,
Department of Commerce,
Department of Commerce,
Department of Commerce,
Department of Commerce,
Department of Commerce,
Department of Commerce,
Department of Commerce,
Department of Commerce,
Department of Commerce,
Department of Commerce,
Department of Commerce,
Department of Commerce,
Department of Commerce,
Department of Commerce,
Department of Commerce,
Department of Commerce,
Department of Commerce,
Department of Commerce,
Department of Commerce,
Department of Commerce,
Department of Commerce,
Department of Commerce,
Department of Commerce,
Department of Commerce,
Department of Commerce,
Department of Commerce,
Department of Commerce,
Department of Commerce,
Department of Commerce,
Department of Commerce,
Department of Commerce,
Department of Commerce,
Department of Commerce,
Department of Commerce,
Department of Commerce,
Department of Commerce,
Department of Commerce,
Department of Commerce,
Department of Commerce,
Department of Commerce,
Department of Commerce,
Department of Commerce,
Department of Commerce,
Department of Commerce,
Department of Commerce,
Department of Commerce,
Department of Commerce,
Department of Commerce,
Department of Commerce,
Department of Commerce,
Department of Commerce,
Department of Commerce,
Department of Commerce,
Department of Commerce,
Department of Commerce,
Department of Commerce,
Department of Commerce,
Department of Commerce,
Department of Commerce,
Department of Commerce,
Department of Commerce,
Department of Commerce,
Department of Commerce,
Department of Defense,0
Department of Defense,0
Department of Defense,0
Department of Defense,0
Department of Defense,0
Department of Defense,0
Department of Defense,0
Department of Defense,180
Department of Defense,0
Department of Defense,0
Department of Defense,0
Department of Defense,0
Department of Defense,0
Department of Defense,0
Department of Defense,-112
Department of Defense,0
Department of Defense,0
Department of Defense,0
Department of Defense,0
Department of Defense,0
Department of Defense,264
Department of Defense,0
Department of Defense,0
Department of Defense,0
Department of Defense,0
Department of Defense,0
Department of Defense,0
Department of Defense,0
Department of Defense,0
Department of Defense,0
Department of Defense,0
Department of Defense,0
Department of Defense,0
Department of Defense,0
Department of Defense,0
Department of Defense,0
Department of Defense,0
Department of Defense,0
Department of Defense,0
Department of Defense,0
Department of Defense,0
Department of Defense,0
Department of Defense,0
Department of Defense,0
Department of Defense,0
Department of Defense,0
Department of Defense,0
Department of Defense,0
Department of Defense,0
Department of Defense,0
Department of Defense,0
Department of Defense,0
Department of Defense,0
Department of Defense,0
Department of Defense,0
Department of Defense,0
Department of Defense,0
Department of Defense,0
Department of Defense,0
Department of Defense,0
Department of Defense,0
Department of Defense,0
Department of Defense,0
Department of Defense,0
Department of Defense,0
Department of Defense,0
Department of Defense,0
Department of Defense,0
Department of Defense,19
Department of Defense,18
Department of Defense,0
Department of Defense,0
Department of Defense,0
Department of Defense,0
Department of Defense,0
Department of Defense,163
Department of Defense,0
Department of Defense,0
Department of Defense,0
Department of Defense,0
Department of Defense,0
Department of Defense,0
Department of Defense,0
Department of Defense,0
Department of Defense,0
Department of Defense,-302
Department of Defense,0
Department of Defense,0
Department of Defense,0
Department of Defense,
Department of Defense,
Department of Defense,
Department of Defense,
Department of Defense,
Department of Defense,
Department of Defense,
Department of Defense,
Department of Defense,
Department of Defense,
Department of Defense,
Department of Defense,
Department of Defense,
Department of Defense,
Department of Defense,
Department of Defense,
Department of Defense,
Department of Defense,
Department of Defense,
Department of Defense,
Department of Defense,
Department of Defense,
Department of Defense,
Department of Defense,
Department of Defense,
Department of Defense,
Department of Defense,
Department of Defense,
Department of Defense,
Department of Defense,
Department of Defense,
Department of Defense,
Department of Defense,
Department of Defense,
Department of Defense,
Department of Defense,
Department of Defense,
Department of Defense,
Department of Defense,
Department of Defense,
Department of Defense,
Department of Defense,
Department of Defense,
Department of Defense,
Department of Defense,
Department of Defense,
Department of Defense,
Department of Defense,
Department of Defense,
Department of Defense,
Department of Defense,
Department of Defense,
Department of Defense,
Department of Defense,
Department of Defense,
Department of Defense,
Department of Defense,
Department of Defense,
Department of Defense,
Department of Defense,
Department of Defense,
Department of Defense,
Department of Defense,
Department of Defense,
Department of Defense,
Department of Defense,
Department of Defense,
Department of Defense,
Department of Defense,
Department of Defense,
Department of Defense,
Department of Defense,
Department of Defense,
Department of Defense,
Department of Defense,
Department of Defense,
Department of Defense,
Department of Defense,
Department of Defense,
Department of Defense,
Department of Defense,
Department of Defense,
Department of Defense,
Department of Defense,
Department of Education,92
Department of Education,0
Department of Education,0
Department of Education,0
Department of Education,0
Department of Education,0
Department of Education,0
Department of Education,0
Department of Education,0
Department of Education,0
Department of Education,0
Department of Education,62
Department of Education,0
Department of Education,0
Department of Education,0
Department of Education,24
Department of Education,-147
Department of Education,63
Department of Education,0
Department of Education,13
Department of Education,0
Department of Education,0
Department of Education,-2
Department of Education,0
Department of Education,
Department of Education,
Department of Education,
Department of Education,
Department of Education,
Department of Education,
Department of Education,
Department of Education,
Department of Education,
Department of Education,
Department of Education,
Department of Education,
Department of Education,
Department of Education,
Department of Education,
Department of Education,
Department of Education,
Department of Education,
Department of Education,
Department of Education,
Department of Education,
Department of Education,
Department of Energy,0
Department of Energy,0
Department of Energy,0
Department of Energy,0
Department of Energy,0
Department of Energy,0
Department of Energy,0
Department of Energy,0
Department of Energy,0
Department of Energy,0
Department of Energy,0
Department of Energy,0
Department of Energy,0
Department of Energy,0
Department of Energy,0
Department of Energy,0
Department of Energy,0
Department of Energy,0
Department of Energy,0
Department of Energy,0
Department of Energy,0
Department of Energy,0
Department of Energy,0
Department of Energy,0
Department of Energy,0
Department of Energy,0
Department of Energy,0
Department of Energy,0
Department of Energy,-82
Department of Energy,0
Department of Energy,19
Department of Energy,0
Department of Energy,0
Department of Energy,0
Department of Energy,0
Department of Energy,-1
Department of Energy,0
Department of Energy,-64
Department of Energy,-124
Department of Energy,-14
Department of Energy,
Department of Energy,
Department of Energy,
Department of Energy,
Department of Energy,
Department of Energy,
Department of Energy,
Department of Energy,
Department of Health and Human Services,0
Department of Health and Human Services,0
Department of Health and Human Services,0
Department of Health and Human Services,0
Department of Health and Human Services,0
Department of Health and Human Services,0
Department of Health and Human Services,0
Department of Health and Human Services,0
Department of Health and Human Services,15
Department of Health and Human Services,27
Department of Health and Human Services,0
Department of Health and Human Services,0
Department of Health and Human Services,0
Department of Health and Human Services,0
Department of Health and Human Services,0
Department of Health and Human Services,0
Department of Health and Human Services,0
Department of Health and Human Services,0
Department of Health and Human Services,0
Department of Health and Human Services,0
Department of Health and Human Services,0
Department of Health and Human Services,-31
Department of Health and Human Services,0
Department of Health and Human Services,-25
Department of Health and Human Services,0
Department of Health and Human Services,0
Department of Health and Human Services,0
Department of Health and Human Services,0
Department of Health and Human Services,0
Department of Health and Human Services,0
Department of Health and Human Services,0
Department of Health and Human Services,0
Department of Health and Human Services,0
Department of Health and Human Services,29
Department of Health and Human Services,-21
Department of Health and Human Services,0
Department of Health and Human Services,0
Department of Health and Human Services,0
Department of Health and Human Services,18
Department of Health and Human Services,0
Department of Health and Human Services,0
Department of Health and Human Services,61
Department of Health and Human Services,0
Department of Health and Human Services,0
Department of Health and Human Services,0
Department of Health and Human Services,0
Department of Health and Human Services,0
Department of Health and Human Services,0
Department of Health and Human Services,0
Department of Health and Human Services,0
Department of Health and Human Services,0
Department of Health and Human Services,0
Department of Health and Human Services,0
Department of Health and Human Services,0
Department of Health and Human Services,4
Department of Health and Human Services,59
Department of Health and Human Services,0
Department of Health and Human Services,21
Department of Health and Human Services,14
Department of Health and Human Services,3
Department of Health and Human Services,32
Department of Health and Human Services,0
Department of Health and Human Services,0
Department of Health and Human Services,0
Department of Health and Human Services,49
Department of Health and Human Services,-11
Department of Health and Human Services,-13
Department of Health and Human Services,0
Department of Health and Human Services,30
Department of Health and Human Services,0
Department of Health and Human Services,44
Department of Health and Human Services,7
Department of Health and Human Services,0
Department of Health and Human Services,0
Department of Health and Human Services,-4
Department of Health and Human Services,-123
Department of Health and Human Services,0
Department of Health and Human Services,0
Department of Health and Human Services,0
Department of Health and Human Services,0
Department of Health and Human Services,0
Department of Health and Human Services,0
Department of Health and Human Services,2
Department of Health and Human Services,0
Department of Health and Human Services,0
Department of Health and Human Services,0
Department of Health and Human Services,0
Department of Health and Human Services,62
Department of Health and Human Services,0
Department of Health and Human Services,1
Department of Health and Human Services,0
Department of Health and Human Services,0
Department of Health and Human Services,0
Department of Health and Human Services,0
Department of Health and Human Services,-17
Department of Health and Human Services,0
Department of Health and Human Services,0
Department of Health and Human Services,0
Department of Health and Human Services,0
Department of Health and Human Services,-25
Department of Health and Human Services,0
Department of Health and Human Services,0
Department of Health and Human Services,0
Department of Health and Human Services,0
Department of Health and Human Services,0
Department of Health and Human Services,0
Department of Health and Human Services,0
Department of Health and Human Services,0
Department of Health and Human Services,
Department of Health and Human Services,
Department of Health and Human Services,
Department of Health and Human Services,
Department of Health and Human Services,
Department of Health and Human Services,
Department of Health and Human Services,
Department of Health and Human Services,
Department of Health and Human Services,
Department of Health and Human Services,
Department of Health and Human Services,
Department of Health and Human Services,
Department of Health and Human Services,
Department of Health and Human Services,
Department of Health and Human Services,
Department of Health and Human Services,
Department of Health and Human Services,
Department of Health and Human Services,
Department of Health and Human Services,
Department of Health and Human Services,
Department of Health and Human Services,
Department of Health and Human Services,
Department of Health and Human Services,
Department of Health and Human Services,
Department of Health and Human Services,
Department of Health and Human Services,
Department of Health and Human Services,
Department of Health and Human Services,
Department of Health and Human Services,
Department of Health and Human Services,
Department of Health and Human Services,
Department of Health and Human Services,
Department of Health and Human Services,
Department of Health and Human Services,
Department of Health and Human Services,
Department of Health and Human Services,
Department of Health and Human Services,
Department of Health and Human Services,
Department of Health and Human Services,
Department of Health and Human Services,
Department of Health and Human Services,
Department of Health and Human Services,
Department of Health and Human Services,
Department of Health and Human Services,
Department of Health and Human Services,
Department of Health and Human Services,
Department of Health and Human Services,
Department of Health and Human Services,
Department of Health and Human Services,
Department of Health and Human Services,
Department of Health and Human Services,
Department of Health and Human Services,
Department of Health and Human Services,
Department of Health and Human Services,
Department of Health and Human Services,
Department of Health and Human Services,
Department of Health and Human Services,
Department of Health and Human Services,
Department of Health and Human Services,
Department of Health and Human Services,
Department of Health and Human Services,
Department of Health and Human Services,
Department of Health and Human Services,
Department of Health and Human Services,
Department of Health and Human Services,
Department of Health and Human Services,
Department of Health and Human Services,
Department of Health and Human Services,
Department of Health and Human Services,
Department of Health and Human Services,
Department of Health and Human Services,
Department of Health and Human Services,
Department of Health and Human Services,
Department of Health and Human Services,
Department of Health and Human Services,
Department of Health and Human Services,
Department of Health and Human Services,
Department of Health and Human Services,
Department of Health and Human Services,
Department of Health and Human Services,
Department of Health and Human Services,
Department of Health and Human Services,
Department of Health and Human Services,
Department of Health and Human Services,
Department of Health and Human Services,
Department of Health and Human Services,
Department of Health and Human Services,
Department of Health and Human Services,
Department of Health and Human Services,
Department of Health and Human Services,
Department of Health and Human Services,
Department of Health and Human Services,
Department of Health and Human Services,
Department of Health and Human Services,
Department of Health and Human Services,
Department of Health and Human Services,
Department of Health and Human Services,
Department of Health and Human Services,
Department of Health and Human Services,
Department of Health and Human Services,
Department of Health and Human Services,
Department of Health and Human Services,
Department of Health and Human Services,
Department of Health and Human Services,
Department of Health and Human Services,
Department of Health and Human Services,
Department of Health and Human Services,
Department of Health and Human Services,
Department of Health and Human Services,
Department of Health and Human Services,
Department of Homeland Security,0
Department of Homeland Security,0
Department of Homeland Security,-1
Department of Homeland Security,0
Department of Homeland Security,0
Department of Homeland Security,0
Department of Homeland Security,209
Department of Homeland Security,0
Department of Homeland Security,546
Department of Homeland Security,0
Department of Homeland Security,224
Department of Homeland Security,257
Department of Homeland Security,0
Department of Homeland Security,0
Department of Homeland Security,184
Department of Homeland Security,0
Department of Homeland Security,0
Department of Homeland Security,0
Department of Homeland Security,0
Department of Homeland Security,0
Department of Homeland Security,0
Department of Homeland Security,122
Department of Homeland Security,0
Department of Homeland Security,77
Department of Homeland Security,0
Department of Homeland Security,84
Department of Homeland Security,0
Department of Homeland Security,88
Department of Homeland Security,-7
Department of Homeland Security,105
Department of Homeland Security,0
Department of Homeland Security,0
Department of Homeland Security,0
Department of Homeland Security,0
Department of Homeland Security,0
Department of Homeland Security,0
Department of Homeland Security,280
Department of Homeland Security,0
Department of Homeland Security,0
Department of Homeland Security,0
Department of Homeland Security,0
Department of Homeland Security,0
Department of Homeland Security,0
Department of Homeland Security,0
Department of Homeland Security,0
Department of Homeland Security,0
Department of Homeland Security,0
Department of Homeland Security,0
Department of Homeland Security,0
Department of Homeland Security,0
Department of Homeland Security,-1164
Department of Homeland Security,-1097
Department of Homeland Security,0
Department of Homeland Security,0
Department of Homeland Security,0
Department of Homeland Security,0
Department of Homeland Security,0
Department of Homeland Security,0
Department of Homeland Security,0
Department of Homeland Security,0
Department of Homeland Security,0
Department of Homeland Security,0
Department of Homeland Security,0
Department of Homeland Security,0
Department of Homeland Security,121
Department of Homeland Security,0
Department of Homeland Security,0
Department of Homeland Security,0
Department of Homeland Security,0
Department of Homeland Security,0
Department of Homeland Security,0
Department of Homeland Security,0
Department of Homeland Security,0
Department of Homeland Security,0
Department of Homeland Security,0
Department of Homeland Security,0
Department of Homeland Security,38
Department of Homeland Security,0
Department of Homeland Security,0
Department of Homeland Security,0
Department of Homeland Security,122
Department of Homeland Security,0
Department of Homeland Security,0
Department of Homeland Security,0
Department of Homeland Security,-31
Department of Homeland Security,0
Department of Homeland Security,-214
Department of Homeland Security,-33
Department of Homeland Security,132
Department of Homeland Security,-38
Department of Homeland Security,31
Department of Homeland Security,0
Department of Homeland Security,0
Department of Homeland Security,0
Department of Homeland Security,-3
Department of Homeland Security,172
Department of Homeland Security,2
Department of Homeland Security,0
Department of Homeland Security,182
Department of Homeland Security,0
Department of Homeland Security,-32
Department of Homeland Security,0
Department of Homeland Security,0
Department of Homeland Security,-32
Department of Homeland Security,0
Department of Homeland Security,16
Department of Homeland Security,0
Department of Homeland Security,12
Department of Homeland Security,92
Department of Homeland Security,77
Department of Homeland Security,39
Department of Homeland Security,-64
Department of Homeland Security,-23
Department of Homeland Security,-39
Department of Homeland Security,213
Department of Homeland Security,9
Department of Homeland Security,0
Department of Homeland Security,152
Department of Homeland Security,0
Department of Homeland Security,0
Department of Homeland Security,-156
Department of Homeland Security,44
Department of Homeland Security,97
Department of Homeland Security,-30
Department of Homeland Security,-30
Department of Homeland Security,-15
Department of Homeland Security,5
Department of Homeland Security,77
Department of Homeland Security,91
Department of Homeland Security,0
Department of Homeland Security,93
Department of Homeland Security,0
Department of Homeland Security,0
Department of Homeland Security,0
Department of Homeland Security,0
Department of Homeland Security,0
Department of Homeland Security,33
Department of Homeland Security,-11
Department of Homeland Security,31
Department of Homeland Security,14
Department of Homeland Security,-64
Department of Homeland Security,11
Department of Homeland Security,2
Department of Homeland Security,93
Department of Homeland Security,0
Department of Homeland Security,0
Department of Homeland Security,13
Department of Homeland Security,0
Department of Homeland Security,18
Department of Homeland Security,-29
Department of Homeland Security,-1
Department of Homeland Security,0
Department of Homeland Security,0
Department of Homeland Security,-36
Department of Homeland Security,0
Department of Homeland Security,7
Department of Homeland Security,-127
Department of Homeland Security,0
Department of Homeland Security,0
Department of Homeland Security,-1
Department of Homeland Security,4
Department of Homeland Security,-180
Department of Homeland Security,0
Department of Homeland Security,0
Department of Homeland Security,0
Department of Homeland Security,0
Department of Homeland Security,0
Department of Homeland Security,0
Department of Homeland Security,0
Department of Homeland Security,0
Department of Homeland Security,11
Department of Homeland Security,0
Department of Homeland Security,0
Department of Homeland Security,0
Department of Homeland Security,0
Department of Homeland Security,0
Department of Homeland Security,-73
Department of Homeland Security,0
Department of Homeland Security,
Department of Homeland Security,
Department of Homeland Security,
Department of Homeland Security,
Department of Homeland Security,
Department of Homeland Security,
Department of Homeland Security,
Department of Homeland Security,
Department of Homeland Security,
Department of Homeland Security,
Department of Homeland Security,
Department of Homeland Security,
Department of Homeland Security,
Department of Homeland Security,
Department of Homeland Security,
Department of Homeland Security,
Department of Homeland Security,
Department of Homeland Security,
Department of Homeland Security,
Department of Homeland Security,
Department of Homeland Security,
Department of Homeland Security,
Department of Homeland Security,
Department of Homeland Security,
Department of Homeland Security,
Department of Homeland Security,
Department of Homeland Security,
Department of Homeland Security,
Department of Homeland Security,
Department of Homeland Security,
Department of Homeland Security,
Department of Homeland Security,
Department of Homeland Security,
Department of Homeland Security,
Department of Homeland Security,
Department of Homeland Security,
Department of Homeland Security,
Department of Homeland Security,
Department of Homeland Security,
Department of Homeland Security,
Department of Homeland Security,
Department of Homeland Security,
Department of Homeland Security,
Department of Homeland Security,
Department of Homeland Security,
Department of Homeland Security,
Department of Homeland Security,
Department of Homeland Security,
Department of Homeland Security,
Department of Homeland Security,
Department of Homeland Security,
Department of Homeland Security,
Department of Homeland Security,
Department of Homeland Security,
Department of Homeland Security,
Department of Homeland Security,
Department of Homeland Security,
Department of Homeland Security,
Department of Homeland Security,
Department of Homeland Security,
Department of Homeland Security,
Department of Homeland Security,
Department of Homeland Security,
Department of Homeland Security,
Department of Homeland Security,
Department of Homeland Security,
Department of Homeland Security,
Department of Homeland Security,
Department of Homeland Security,
Department of Homeland Security,
Department of Homeland Security,
Department of Homeland Security,
Department of Homeland Security,
Department of Homeland Security,
Department of Homeland Security,
Department of Homeland Security,
Department of Homeland Security,
Department of Homeland Security,
Department of Homeland Security,
Department of Homeland Security,
Department of Homeland Security,
Department of Homeland Security,
Department of Homeland Security,
Department of Homeland Security,
Department of Homeland Security,
Department of Homeland Security,
Department of Homeland Security,
Department of Homeland Security,
Department of Homeland Security,
Department of Homeland Security,
Department of Homeland Security,
Department of Homeland Security,
Department of Homeland Security,
Department of Homeland Security,
Department of Homeland Security,
Department of Homeland Security,
Department of Homeland Security,
Department of Homeland Security,
Department of Homeland Security,
Department of Homeland Security,
Department of Homeland Security,
Department of Homeland Security,
Department of Homeland Security,
Department of Homeland Security,
Department of Homeland Security,
Department of Homeland Security,
Department of Housing and Urban Development,0
Department of Housing and Urban Development,0
Department of Housing and Urban Development,0
Department of Housing and Urban Development,0
Department of Housing and Urban Development,101
Department of Housing and Urban Development,0
Department of Housing and Urban Development,
Department of Housing and Urban Development,
Department of Housing and Urban Development,
Department of Housing and Urban Development,
Department of Housing and Urban Development,
Department of Housing and Urban Development,
Department of Housing and Urban Development,
Department of Housing and Urban Development,
Department of Housing and Urban Development,
Department of Justice,0
Department of Justice,0
Department of Justice,0
Department of Justice,0
Department of Justice,27
Department of Justice,0
Department of Justice,0
Department of Justice,0
Department of Justice,0
Department of Justice,0
Department of Justice,0
Department of Justice,0
Department of Justice,77
Department of Justice,0
Department of Justice,9
Department of Justice,-62
Department of Justice,0
Department of Justice,0
Department of Justice,-14
Department of Justice,-1
Department of Justice,0
Department of Justice,0
Department of Justice,
Department of Justice,
Department of Justice,
Department of Justice,
Department of Justice,
Department of Justice,
Department of Justice,
Department of Justice,
Department of Justice,
Department of Justice,
Department of Justice,
Department of Justice,
Department of Justice,
Department of Justice,
Department of Justice,
Department of Justice,
Department of Justice,
Department of Justice,
Department of Justice,
Department of Justice,
Department of Labor,367
Department of Labor,0
Department of Labor,273
Department of Labor,273
Department of Labor,382
Department of Labor,251
Department of Labor,0
Department of Labor,2
Department of Labor,0
Department of Labor,0
Department of Labor,0
Department of Labor,3
Department of Labor,0
Department of Labor,0
Department of Labor,0
Department of Labor,0
Department of Labor,0
Department of Labor,0
Department of Labor,364
Department of Labor,0
Department of Labor,0
Department of Labor,0
Department of Labor,0
Department of Labor,0
Department of Labor,0
Department of Labor,0
Department of Labor,0
Department of Labor,0
Department of Labor,0
Department of Labor,0
Department of Labor,0
Department of Labor,0
Department of Labor,0
Department of Labor,-6
Department of Labor,0
Department of Labor,0
Department of Labor,0
Department of Labor,176
Department of Labor,162
Department of Labor,0
Department of Labor,23
Department of Labor,0
Department of Labor,0
Department of Labor,0
Department of Labor,158
Department of Labor,68
Department of Labor,14
Department of Labor,35
Department of Labor,110
Department of Labor,0
Department of Labor,0
Department of Labor,0
Department of Labor,-27
Department of Labor,17
Department of Labor,13
Department of Labor,0
Department of Labor,0
Department of Labor,0
Department of Labor,0
Department of Labor,93
Department of Labor,91
Department of Labor,1
Department of Labor,55
Department of Labor,55
Department of Labor,64
Department of Labor,104
Department of Labor,422
Department of Labor,42
Department of Labor,0
Department of Labor,0
Department of Labor,18
Department of Labor,-85
Department of Labor,369
Department of Labor,0
Department of Labor,-91
Department of Labor,0
Department of Labor,0
Department of Labor,0
Department of Labor,14
Department of Labor,-20
Department of Labor,-12
Department of Labor,
Department of Labor,
Department of Labor,
Department of Labor,
Department of Labor,
Department of Labor,
Department of Labor,
Department of Labor,
Department of Labor,
Department of Labor,
Department of Labor,
Department of Labor,
Department of Labor,
Department of Labor,
Department of Labor,
Department of Labor,
Department of Labor,
Department of Labor,
Department of Labor,
Department of Labor,
Department of Labor,
Department of Labor,
Department of Labor,
Department of Labor,
Department of Labor,
Department of Labor,
Department of Labor,
Department of Labor,
Department of Labor,
Department of Labor,
Department of Labor,
Department of Labor,
Department of Labor,
Department of Labor,
Department of Labor,
Department of Labor,
Department of Labor,
Department of Labor,
Department of Labor,
Department of Labor,
Department of Labor,
Department of Labor,
Department of Labor,
Department of Labor,
Department of Labor,
Department of Labor,
Department of State,92
Department of State,0
Department of State,0
Department of State,0
Department of State,0
Department of State,0
Department of State,0
Department of State,0
Department of State,0
Department of State,0
Department of State,0
Department of State,0
Department of State,0
Department of State,0
Department of State,0
Department of State,-8
Department of State,0
Department of State,0
Department of State,1
Department of State,1
Department of State,0
Department of State,0
Department of State,0
Department of State,0
Department of State,0
Department of State,0
Department of State,0
Department of State,0
Department of State,0
Department of State,0
Department of State,0
Department of State,0
Department of State,0
Department of State,0
Department of State,0
Department of State,0
Department of State,0
Department of State,0
Department of State,0
Department of State,0
Department of State,0
Department of State,0
Department of State,244
Department of State,-182
Department of State,123
Department of State,-242
Department of State,1
Department of State,-275
Department of State,3
Department of State,0
Department of State,0
Department of State,0
Department of State,
Department of State,
Department of State,
Department of State,
Department of State,
Department of State,
Department of State,
Department of State,
Department of State,
Department of State,
Department of State,
Department of State,
Department of State,
Department of State,
Department of State,
Department of State,
Department of State,
Department of State,
Department of State,
Department of State,
Department of State,
Department of State,
Department of State,
Department of the Interior,0
Department of the Interior,0
Department of the Interior,0
Department of the Interior,0
Department of the Interior,0
Department of the Interior,0
Department of the Interior,0
Department of the Interior,0
Department of the Interior,0
Department of the Interior,0
Department of the Interior,0
Department of the Interior,0
Department of the Interior,0
Department of the Interior,0
Department of the Interior,0
Department of the Interior,0
Department of the Interior,-44
Department of the Interior,0
Department of the Interior,15
Department of the Interior,0
Department of the Interior,0
Department of the Interior,0
Department of the Interior,0
Department of the Interior,0
Department of the Interior,0
Department of the Interior,
Department of the Interior,
Department of the Interior,
Department of the Interior,
Department of the Interior,
Department of the Interior,
Department of the Interior,
Department of the Interior,
Department of the Interior,
Department of the Interior,
Department of the Interior,
Department of the Interior,
Department of the Treasury,0
Department of the Treasury,0
Department of the Treasury,0
Department of the Treasury,0
Department of the Treasury,0
Department of the Treasury,0
Department of the Treasury,182
Department of the Treasury,0
Department of the Treasury,0
Department of the Treasury,0
Department of the Treasury,0
Department of the Treasury,0
Department of the Treasury,0
Department of the Treasury,0
Department of the Treasury,0
Department of the Treasury,0
Department of the Treasury,0
Department of the Treasury,0
Department of the Treasury,0
Department of the Treasury,0
Department of the Treasury,0
Department of the Treasury,0
Department of the Treasury,0
Department of the Treasury,0
Department of the Treasury,0
Department of the Treasury,0
Department of the Treasury,0
Department of the Treasury,0
Department of the Treasury,0
Department of the Treasury,0
Department of the Treasury,0
Department of the Treasury,0
Department of the Treasury,0
Department of the Treasury,0
Department of the Treasury,0
Department of the Treasury,-3
Department of the Treasury,-9
Department of the Treasury,61
Department of the Treasury,-7
Department of the Treasury,55
Department of the Treasury,67
Department of the Treasury,0
Department of the Treasury,0
Department of the Treasury,0
Department of the Treasury,18
Department of the Treasury,0
Department of the Treasury,-5
Department of the Treasury,0
Department of the Treasury,0
Department of the Treasury,33
Department of the Treasury,59
Department of the Treasury,0
Department of the Treasury,0
Department of the Treasury,0
Department of the Treasury,50
Department of the Treasury,-17
Department of the Treasury,0
Department of the Treasury,0
Department of the Treasury,-15
Department of the Treasury,0
Department of the Treasury,0
Department of the Treasury,
Department of the Treasury,
Department of the Treasury,
Department of the Treasury,
Department of the Treasury,
Department of the Treasury,
Department of the Treasury,
Department of the Treasury,
Department of the Treasury,
Department of the Treasury,
Department of the Treasury,
Department of the Treasury,
Department of the Treasury,
Department of the Treasury,
Department of the Treasury,
Department of the Treasury,
Department of the Treasury,
Department of the Treasury,
Department of the Treasury,
Department of the Treasury,
Department of the Treasury,
Department of the Treasury,
Department of the Treasury,
Department of the Treasury,
Department of the Treasury,
Department of the Treasury,
Department of the Treasury,
Department of the Treasury,
Department of the Treasury,
Department of the Treasury,
Department of the Treasury,
Department of the Treasury,
Department of the Treasury,
Department of the Treasury,
Department of the Treasury,
Department of the Treasury,
Department of the Treasury,
Department of the Treasury,
Department of the Treasury,
Department of the Treasury,
Department of the Treasury,
Department of the Treasury,
Department of the Treasury,
Department of the Treasury,
Department of the Treasury,
Department of the Treasury,
Department of the Treasury,
Department of the Treasury,
Department of Transportation,0
Department of Transportation,365
Department of Transportation,0
Department of Transportation,31
Department of Transportation,0
Department of Transportation,28
Department of Transportation,0
Department of Transportation,527
Department of Transportation,92
Department of Transportation,0
Department of Transportation,0
Department of Transportation,30
Department of Transportation,296
Department of Transportation,262
Department of Transportation,-169
Department of Transportation,89
Department of Transportation,-125
Department of Transportation,0
Department of Transportation,0
Department of Transportation,0
Department of Transportation,31
Department of Transportation,30
Department of Transportation,0
Department of Transportation,272
Department of Transportation,15
Department of Transportation,0
Department of Transportation,0
Department of Transportation,0
Department of Transportation,0
Department of Transportation,92
Department of Transportation,0
Department of Transportation,0
Department of Transportation,0
Department of Transportation,0
Department of Transportation,0
Department of Transportation,0
Department of Transportation,0
Department of Transportation,0
Department of Transportation,0
Department of Transportation,0
Department of Transportation,0
Department of Transportation,0
Department of Transportation,0
Department of Transportation,0
Department of Transportation,0
Department of Transportation,0
Department of Transportation,0
Department of Transportation,0
Department of Transportation,0
Department of Transportation,0
Department of Transportation,0
Department of Transportation,0
Department of Transportation,0
Department of Transportation,0
Department of Transportation,0
Department of Transportation,0
Department of Transportation,0
Department of Transportation,0
Department of Transportation,0
Department of Transportation,0
Department of Transportation,0
Department of Transportation,0
Department of Transportation,0
Department of Transportation,0
Department of Transportation,0
Department of Transportation,0
Department of Transportation,0
Department of Transportation,0
Department of Transportation,0
Department of Transportation,0
Department of Transportation,0
Department of Transportation,0
Department of Transportation,0
Department of Transportation,0
Department of Transportation,0
Department of Transportation,0
Department of Transportation,0
Department of Transportation,0
Department of Transportation,0
Department of Transportation,0
Department of Transportation,0
Department of Transportation,0
Department of Transportation,0
Department of Transportation,0
Department of Transportation,0
Department of Transportation,0
Department of Transportation,0
Department of Transportation,0
Department of Transportation,0
Department of Transportation,0
Department of Transportation,0
Department of Transportation,0
Department of Transportation,0
Department of Transportation,213
Department of Transportation,242
Department of Transportation,0
Department of Transportation,247
Department of Transportation,0
Department of Transportation,0
Department of Transportation,-183
Department of Transportation,164
Department of Transportation,0
Department of Transportation,94
Department of Transportation,0
Department of Transportation,31
Department of Transportation,0
Department of Transportation,-169
Department of Transportation,182
Department of Transportation,0
Department of Transportation,42
Department of Transportation,91
Department of Transportation,-1
Department of Transportation,-1
Department of Transportation,36
Department of Transportation,-115
Department of Transportation,31
Department of Transportation,0
Department of Transportation,0
Department of Transportation,-62
Department of Transportation,-135
Department of Transportation,11
Department of Transportation,-24
Department of Transportation,0
Department of Transportation,121
Department of Transportation,29
Department of Transportation,203
Department of Transportation,0
Department of Transportation,0
Department of Transportation,60
Department of Transportation,-49
Department of Transportation,32
Department of Transportation,86
Department of Transportation,11
Department of Transportation,61
Department of Transportation,-10
Department of Transportation,5
Department of Transportation,0
Department of Transportation,58
Department of Transportation,0
Department of Transportation,0
Department of Transportation,-10
Department of Transportation,0
Department of Transportation,70
Department of Transportation,0
Department of Transportation,0
Department of Transportation,0
Department of Transportation,0
Department of Transportation,0
Department of Transportation,0
Department of Transportation,0
Department of Transportation,60
Department of Transportation,-2
Department of Transportation,-16
Department of Transportation,-36
Department of Transportation,0
Department of Transportation,-31
Department of Transportation,0
Department of Transportation,0
Department of Transportation,64
Department of Transportation,0
Department of Transportation,-100
Department of Transportation,243
Department of Transportation,0
Department of Transportation,0
Department of Transportation,0
Department of Transportation,
Department of Transportation,
Department of Transportation,
Department of Transportation,
Department of Transportation,
Department of Transportation,
Department of Transportation,
Department of Transportation,
Department of Transportation,
Department of Transportation,
Department of Transportation,
Department of Transportation,
Department of Transportation,
Department of Transportation,
Department of Transportation,
Department of Transportation,
Department of Transportation,
Department of Transportation,
Department of Transportation,
Department of Transportation,
Department of Transportation,
Department of Transportation,
Department of Transportation,
Department of Transportation,
Department of Transportation,
Department of Transportation,
Department of Transportation,
Department of Transportation,
Department of Transportation,
Department of Transportation,
Department of Transportation,
Department of Transportation,
Department of Transportation,
Department of Transportation,
Department of Transportation,
Department of Transportation,
Department of Transportation,
Department of Transportation,
Department of Transportation,
Department of Transportation,
Department of Transportation,
Department of Transportation,
Department of Transportation,
Department of Transportation,
Department of Transportation,
Department of Transportation,
Department of Transportation,
Department of Transportation,
Department of Transportation,
Department of Transportation,
Department of Transportation,
Department of Transportation,
Department of Transportation,
Department of Transportation,
Department of Transportation,
Department of Transportation,
Department of Transportation,
Department of Transportation,
Department of Transportation,
Department of Transportation,
Department of Transportation,
Department of Transportation,
Department of Transportation,
Department of Transportation,
Department of Transportation,
Department of Transportation,
Department of Veterans Affairs,0
Department of Veterans Affairs,458
Department of Veterans Affairs,458
Department of Veterans Affairs,332
Department of Veterans Affairs,0
Department of Veterans Affairs,0
Department of Veterans Affairs,0
Department of Veterans Affairs,0
Department of Veterans Affairs,26
Department of Veterans Affairs,0
Department of Veterans Affairs,0
Department of Veterans Affairs,0
Department of Veterans Affairs,0
Department of Veterans Affairs,0
Department of Veterans Affairs,0
Department of Veterans Affairs,0
Department of Veterans Affairs,0
Department of Veterans Affairs,0
Department of Veterans Affairs,0
Department of Veterans Affairs,0
Department of Veterans Affairs,0
Department of Veterans Affairs,0
Department of Veterans Affairs,0
Department of Veterans Affairs,0
Department of Veterans Affairs,0
Department of Veterans Affairs,0
Department of Veterans Affairs,0
Department of Veterans Affairs,0
Department of Veterans Affairs,0
Department of Veterans Affairs,-9
Department of Veterans Affairs,0
Department of Veterans Affairs,0
Department of Veterans Affairs,0
Department of Veterans Affairs,0
Department of Veterans Affairs,0
Department of Veterans Affairs,0
Department of Veterans Affairs,138
Department of Veterans Affairs,-6
Department of Veterans Affairs,0
Department of Veterans Affairs,8
Department of Veterans Affairs,0
Department of Veterans Affairs,0
Department of Veterans Affairs,0
Department of Veterans Affairs,0
Department of Veterans Affairs,32
Department of Veterans Affairs,0
Department of Veterans Affairs,0
Department of Veterans Affairs,0
Department of Veterans Affairs,0
Department of Veterans Affairs,-173
Department of Veterans Affairs,80
Department of Veterans Affairs,1
Department of Veterans Affairs,15
Department of Veterans Affairs,85
Department of Veterans Affairs,0
Department of Veterans Affairs,0
Department of Veterans Affairs,77
Department of Veterans Affairs,78
Department of Veterans Affairs,0
Department of Veterans Affairs,0
Department of Veterans Affairs,154
Department of Veterans Affairs,-4
Department of Veterans Affairs,0
Department of Veterans Affairs,0
Department of Veterans Affairs,0
Department of Veterans Affairs,0
Department of Veterans Affairs,0
Department of Veterans Affairs,63
Department of Veterans Affairs,0
Department of Veterans Affairs,61
Department of Veterans Affairs,147
Department of Veterans Affairs,-15
Department of Veterans Affairs,17
Department of Veterans Affairs,0
Department of Veterans Affairs,0
Department of Veterans Affairs,185
Department of Veterans Affairs,104
Department of Veterans Affairs,0
Department of Veterans Affairs,0
Department of Veterans Affairs,0
Department of Veterans Affairs,-3
Department of Veterans Affairs,-35
Department of Veterans Affairs,85
Department of Veterans Affairs,0
Department of Veterans Affairs,-12
Department of Veterans Affairs,-38
Department of Veterans Affairs,77
Department of Veterans Affairs,0
Department of Veterans Affairs,0
Department of Veterans Affairs,0
Department of Veterans Affairs,0
Department of Veterans Affairs,0
Department of Veterans Affairs,0
Department of Veterans Affairs,0
Department of Veterans Affairs,0
Department of Veterans Affairs,0
Department of Veterans Affairs,0
Department of Veterans Affairs,-1
Department of Veterans Affairs,0
Department of Veterans Affairs,0
Department of Veterans Affairs,0
Department of Veterans Affairs,-1
Department of Veterans Affairs,-1
Department of Veterans Affairs,0
Department of Veterans Affairs,0
Department of Veterans Affairs,0
Department of Veterans Affairs,0
Department of Veterans Affairs,0
Department of Veterans Affairs,0
Department of Veterans Affairs,0
Department of Veterans Affairs,-7
Department of Veterans Affairs,-7
Department of Veterans Affairs,6
Department of Veterans Affairs,6
Department of Veterans Affairs,6
Department of Veterans Affairs,6
Department of Veterans Affairs,6
Department of Veterans Affairs,6
Department of Veterans Affairs,6
Department of Veterans Affairs,6
Department of Veterans Affairs,-2
Department of Veterans Affairs,15
Department of Veterans Affairs,-11
Department of Veterans Affairs,0
Department of Veterans Affairs,0
Department of Veterans Affairs,0
Department of Veterans Affairs,0
Department of Veterans Affairs,2
Department of Veterans Affairs,37
Department of Veterans Affairs,-88
Department of Veterans Affairs,-4
Department of Veterans Affairs,0
Department of Veterans Affairs,0
Department of Veterans Affairs,0
Department of Veterans Affairs,0
Department of Veterans Affairs,0
Department of Veterans Affairs,0
Department of Veterans Affairs,0
Department of Veterans Affairs,0
Department of Veterans Affairs,-7
Department of Veterans Affairs,-7
Department of Veterans Affairs,0
Department of Veterans Affairs,-26
Department of Veterans Affairs,
Department of Veterans Affairs,
Department of Veterans Affairs,
Department of Veterans Affairs,
Department of Veterans Affairs,
Department of Veterans Affairs,
Department of Veterans Affairs,
Department of Veterans Affairs,
Department of Veterans Affairs,
Department of Veterans Affairs,
Department of Veterans Affairs,
Department of Veterans Affairs,
Department of Veterans Affairs,
Department of Veterans Affairs,
Department of Veterans Affairs,
Department of Veterans Affairs,
Department of Veterans Affairs,
Department of Veterans Affairs,
Department of Veterans Affairs,
Department of Veterans Affairs,
Department of Veterans Affairs,
Department of Veterans Affairs,
Department of Veterans Affairs,
Department of Veterans Affairs,
Department of Veterans Affairs,
Department of Veterans Affairs,
Department of Veterans Affairs,
Department of Veterans Affairs,
Department of Veterans Affairs,
Department of Veterans Affairs,
Department of Veterans Affairs,
Department of Veterans Affairs,
Department of Veterans Affairs,
Department of Veterans Affairs,
Department of Veterans Affairs,
Department of Veterans Affairs,
Department of Veterans Affairs,
Department of Veterans Affairs,
Department of Veterans Affairs,
Department of Veterans Affairs,
Department of Veterans Affairs,
Department of Veterans Affairs,
Department of Veterans Affairs,
Department of Veterans Affairs,
Department of Veterans Affairs,
Department of Veterans Affairs,
Department of Veterans Affairs,
Department of Veterans Affairs,
Department of Veterans Affairs,
Department of Veterans Affairs,
Department of Veterans Affairs,
Department of Veterans Affairs,
Department of Veterans Affairs,
Department of Veterans Affairs,
Department of Veterans Affairs,
Department of Veterans Affairs,
Department of Veterans Affairs,
Department of Veterans Affairs,
Department of Veterans Affairs,
Department of Veterans Affairs,
Department of Veterans Affairs,
Environmental Protection Agency,0
Environmental Protection Agency,0
Environmental Protection Agency,0
Environmental Protection Agency,0
Environmental Protection Agency,0
Environmental Protection Agency,0
Environmental Protection Agency,0
Environmental Protection Agency,0
Environmental Protection Agency,0
Environmental Protection Agency,0
Environmental Protection Agency,0
Environmental Protection Agency,0
Environmental Protection Agency,0
Environmental Protection Agency,0
Environmental Protection Agency,0
Environmental Protection Agency,0
Environmental Protection Agency,0
Environmental Protection Agency,0
Environmental Protection Agency,0
Environmental Protection Agency,0
Environmental Protection Agency,123
Environmental Protection Agency,
Environmental Protection Agency,
Environmental Protection Agency,
Environmental Protection Agency,
Environmental Protection Agency,
General Services Administration,0
General Services Administration,0
General Services Administration,0
General Services Administration,0
General Services Administration,0
General Services Administration,0
General Services Administration,0
General Services Administration,0
General Services Administration,0
General Services Administration,0
General Services Administration,0
General Services Administration,0
General Services Administration,0
General Services Administration,0
General Services Administration,0
General Services Administration,0
General Services Administration,0
General Services Administration,0
General Services Administration,18
General Services Administration,0
General Services Administration,-31
General Services Administration,0
General Services Administration,0
General Services Administration,0
General Services Administration,0
General Services Administration,0
General Services Administration,0
General Services Administration,0
General Services Administration,0
General Services Administration,0
General Services Administration,-3
General Services Administration,0
General Services Administration,0
General Services Administration,0
General Services Administration,0
General Services Administration,0
General Services Administration,0
General Services Administration,0
General Services Administration,0
General Services Administration,0
General Services Administration,0
General Services Administration,0
General Services Administration,0
General Services Administration,0
General Services Administration,1
General Services Administration,12
General Services Administration,0
General Services Administration,
General Services Administration,
General Services Administration,
General Services Administration,
General Services Administration,
General Services Administration,
General Services Administration,
General Services Administration,
General Services Administration,
General Services Administration,
General Services Administration,
General Services Administration,
General Services Administration,
General Services Administration,
General Services Administration,
General Services Administration,
General Services Administration,
General Services Administration,
General Services Administration,
General Services Administration,
General Services Administration,
General Services Administration,
General Services Administration,
National Aeronautics and Space Administration,0
National Aeronautics and Space Administration,15
National Aeronautics and Space Administration,69
National Aeronautics and Space Administration,70
National Aeronautics and Space Administration,0
National Aeronautics and Space Administration,33
National Aeronautics and Space Administration,31
National Aeronautics and Space Administration,0
National Aeronautics and Space Administration,0
National Aeronautics and Space Administration,0
National Aeronautics and Space Administration,0
National Aeronautics and Space Administration,0
National Aeronautics and Space Administration,0
National Aeronautics and Space Administration,0
National Aeronautics and Space Administration,0
National Aeronautics and Space Administration,0
National Aeronautics and Space Administration,0
National Aeronautics and Space Administration,0
National Aeronautics and Space Administration,0
National Aeronautics and Space Administration,0
National Aeronautics and Space Administration,
National Archives and Records Administration,0
National Archives and Records Administration,0
National Archives and Records Administration,0
National Archives and Records Administration,0
National Archives and Records Administration,0
National Archives and Records Administration,0
National Archives and Records Administration,6
National Archives and Records Administration,0
National Archives and Records Administration,0
National Archives and Records Administration,5
National Archives and Records Administration,
National Archives and Records Administration,
National Archives and Records Administration,
National Archives and Records Administration,
National Archives and Records Administration,
National Archives and Records Administration,
National Archives and Records Administration,
National Archives and Records Administration,
National Archives and Records Administration,
National Archives and Records Administration,
National Archives and Records Administration,
National Archives and Records Administration,
National Science Foundation,0
National Science Foundation,0
National Science Foundation,0
National Science Foundation,0
National Science Foundation,0
National Science Foundation,0
National Science Foundation,0
National Science Foundation,0
National Science Foundation,0
National Science Foundation,0
National Science Foundation,0
National Science Foundation,0
National Science Foundation,
National Science Foundation,
National Science Foundation,
Nuclear Regulatory Commission,0
Nuclear Regulatory Commission,0
Nuclear Regulatory Commission,0
Nuclear Regulatory Commission,0
Nuclear Regulatory Commission,0
Nuclear Regulatory Commission,0
Nuclear Regulatory Commission,0
Nuclear Regulatory Commission,0
Nuclear Regulatory Commission,0
Nuclear Regulatory Commission,0
Nuclear Regulatory Commission,0
Nuclear Regulatory Commission,0
Nuclear Regulatory Commission,0
Nuclear Regulatory Commission,0
Nuclear Regulatory Commission,0
Nuclear Regulatory Commission,181
Nuclear Regulatory Commission,0
Nuclear Regulatory Commission,0
Nuclear Regulatory Commission,25
Nuclear Regulatory Commission,21
Nuclear Regulatory Commission,0
Nuclear Regulatory Commission,0
Nuclear Regulatory Commission,0
Nuclear Regulatory Commission,0
Nuclear Regulatory Commission,31
Nuclear Regulatory Commission,0
Nuclear Regulatory Commission,0
Nuclear Regulatory Commission,0
Nuclear Regulatory Commission,0
Nuclear Regulatory Commission,0
Nuclear Regulatory Commission,0
Nuclear Regulatory Commission,0
Nuclear Regulatory Commission,5
Nuclear Regulatory Commission,0
Nuclear Regulatory Commission,0
Nuclear Regulatory Commission,
Nuclear Regulatory Commission,
Nuclear Regulatory Commission,
Nuclear Regulatory Commission,
Nuclear Regulatory Commission,
Nuclear Regulatory Commission,
Nuclear Regulatory Commission,
Nuclear Regulatory Commission,
Nuclear Regulatory Commission,
Nuclear Regulatory Commission,
Nuclear Regulatory Commission,
Nuclear Regulatory Commission,
Nuclear Regulatory Commission,
Nuclear Regulatory Commission,
Nuclear Regulatory Commission,
Nuclear Regulatory Commission,
Nuclear Regulatory Commission,
Nuclear Regulatory Commission,
Nuclear Regulatory Commission,
Nuclear Regulatory Commission,
Nuclear Regulatory Commission,
Nuclear Regulatory Commission,
Nuclear Regulatory Commission,
Nuclear Regulatory Commission,
Nuclear Regulatory Commission,
Office of Personnel Management,0
Office of Personnel Management,0
Office of Personnel Management,4
Office of Personnel Management,2
Office of Personnel Management,0
Office of Personnel Management,27
Office of Personnel Management,40
Office of Personnel Management,0
Office of Personnel Management,3
Office of Personnel Management,0
Office of Personnel Management,3
Office of Personnel Management,14
Office of Personnel Management,0
Office of Personnel Management,0
Office of Personnel Management,0
Office of Personnel Management,0
Office of Personnel Management,
Office of Personnel Management,
Office of Personnel Management,
Office of Personnel Management,
Office of Personnel Management,
Office of Personnel Management,
Office of Personnel Management,
Office of Personnel Management,
Office of Personnel Management,
Office of Personnel Management,
Office of Personnel Management,
Small Business Administration,0
Small Business Administration,0
Small Business Administration,0
Small Business Administration,0
Small Business Administration,0
Small Business Administration,150
Small Business Administration,0
Small Business Administration,0
Small Business Administration,27
Small Business Administration,91
Small Business Administration,15
Small Business Administration,0
Small Business Administration,89
Small Business Administration,0
Small Business Administration,
Small Business Administration,
Small Business Administration,
Small Business Administration,
Small Business Administration,
Small Business Administration,
Small Business Administration,
Small Business Administration,
Small Business Administration,
Small Business Administration,
Small Business Administration,
Social Security Administration,0
Social Security Administration,0
Social Security Administration,92
Social Security Administration,183
Social Security Administration,92
Social Security Administration,0
Social Security Administration,0
Social Security Administration,0
Social Security Administration,0
Social Security Administration,0
Social Security Administration,0
Social Security Administration,0
Social Security Administration,0
Social Security Administration,0
Social Security Administration,0
Social Security Administration,0
Social Security Administration,0
Social Security Administration,0
Social Security Administration,0
Social Security Administration,0
Social Security Administration,0
Social Security Administration,0
Social Security Administration,0
Social Security Administration,0
Social Security Administration,0
Social Security Administration,0
Social Security Administration,0
Social Security Administration,0
Social Security Administration,141
Social Security Administration,0
Social Security Administration,0
Social Security Administration,0
Social Security Administration,0
Social Security Administration,0
Social Security Administration,0
Social Security Administration,0
Social Security Administration,0
Social Security Administration,0
Social Security Administration,0
Social Security Administration,0
Social Security Administration,0
Social Security Administration,0
Social Security Administration,0
Social Security Administration,0
Social Security Administration,0
Social Security Administration,0
Social Security Administration,0
Social Security Administration,0
Social Security Administration,36
Social Security Administration,0
Social Security Administration,0
Social Security Administration,0
Social Security Administration,0
Social Security Administration,0
Social Security Administration,0
Social Security Administration,0
Social Security Administration,0
Social Security Administration,0
Social Security Administration,0
Social Security Administration,0
Social Security Administration,0
Social Security Administration,0
Social Security Administration,0
Social Security Administration,0
Social Security Administration,0
Social Security Administration,0
Social Security Administration,0
Social Security Administration,0
Social Security Administration,0
Social Security Administration,0
Social Security Administration,0
Social Security Administration,0
Social Security Administration,0
Social Security Administration,0
Social Security Administration,0
Social Security Administration,0
Social Security Administration,0
Social Security Administration,0
Social Security Administration,0
Social Security Administration,0
Social Security Administration,0
Social Security Administration,0
Social Security Administration,0
Social Security Administration,0
Social Security Administration,0
Social Security Administration,0
Social Security Administration,32
Social Security Administration,69
Social Security Administration,0
Social Security Administration,-1
Social Security Administration,0
Social Security Administration,0
Social Security Administration,0
Social Security Administration,0
Social Security Administration,0
Social Security Administration,0
Social Security Administration,0
Social Security Administration,0
Social Security Administration,0
Social Security Administration,0
Social Security Administration,0
Social Security Administration,0
Social Security Administration,0
Social Security Administration,
Social Security Administration,
Social Security Administration,
Social Security Administration,
Social Security Administration,
Social Security Administration,
Social Security Administration,
Social Security Administration,
Social Security Administration,
Social Security Administration,
U.S. Agency for International Development,0
U.S. Agency for International Development,62
U.S. Agency for International Development,0
U.S. Agency for International Development,-3
U.S. Agency for International Development,0
U.S. Agency for International Development,0
U.S. Agency for International Development,0
U.S. Agency for International Development,0
U.S. Agency for International Development,0
U.S. Agency for International Development,0
U.S. Agency for International Development,
U.S. Agency for International Development,
U.S. Agency for International Development,
U.S. Agency for International Development,
U.S. Agency for International Development,
U.S. Army Corps of Engineers,0
U.S. Army Corps of Engineers,0
U.S. Army Corps of Engineers,0
U.S. Army Corps of Engineers,0
U.S. Army Corps of Engineers,0
U.S. Army Corps of Engineers,91
U.S. Army Corps of Engineers,112
U.S. Army Corps of Engineers,275
U.S. Army Corps of Engineers,25
U.S. Army Corps of Engineers,5
U.S. Army Corps of Engineers,
U.S. Army Corps of Engineers,
U.S. Army Corps of Engineers,
U.S. Army Corps of Engineers,
U.S. Army Corps of Engineers,
U.S. Army Corps of Engineers,
U.S. Army Corps of Engineers,
U.S. Army Corps of Engineers,
U.S. Army Corps of Engineers,
U.S. Army Corps of Engineers,
U.S. Army Corps of Engineers,
